rows_final,avg_total_amount,avg_distance,pct_risk_high
2839560,27.656916268717687,3.225292686190819,0.0007927284508867571
